number,image_url,name,position,dob,nationality,height,foot,joined,joined_from,contract,value,club_name
40,https://img.a.transfermarkt.technology/portrait/medium/205927-1669205618.jpg?lm=1,Dominik Livakovic,Goalkeeper,"Jan 9, 1995",Croatia,"1,88",right,"Aug 31, 2015",NK Zagreb,"Jun 15, 2024",14.00m,GNK Dinamo Zagreb
33,https://img.a.transfermarkt.technology/portrait/medium/293185-1611931768.jpg?lm=1,Ivan Nevistic,Goalkeeper,"Jul 31, 1998",Croatia,"1,95",right,"Jan 28, 2021",NK Lokomotiva Zagreb,"Jun 15, 2025",1.50m,GNK Dinamo Zagreb
1,https://img.a.transfermarkt.technology/portrait/medium/131310-1605120212.jpg?lm=1,Danijel Zagorac,Goalkeeper,"Feb 7, 1987",Croatia,"1,86",right,"Jul 11, 2016",RNK Split,"Jun 30, 2026",200k,GNK Dinamo Zagreb
37,https://img.a.transfermarkt.technology/portrait/medium/371001-1683031171.jpg?lm=1,Josip Sutalo,Centre-Back,"Feb 28, 2000",Croatia,"1,90",right,"Jan 7, 2020",GNK Dinamo Zagreb II,"Jun 15, 2028",18.00m,GNK Dinamo Zagreb
55,https://img.a.transfermarkt.technology/portrait/medium/240106-1605120326.jpg?lm=1,Dino Peric,Centre-Back,"Jul 12, 1994",Croatia,"1,97",left,"Jul 7, 2017",NK Lokomotiva Zagreb,"Jun 15, 2026",5.00m,GNK Dinamo Zagreb
4,https://img.a.transfermarkt.technology/portrait/medium/431698-1630660949.jpg?lm=1,Bosko Sutalo,Centre-Back,"Jan 1, 2000",Croatia,"1,88",right,"Jul 1, 2022",Atalanta BC,"Jun 30, 2027",3.00m,GNK Dinamo Zagreb
39,https://img.a.transfermarkt.technology/portrait/medium/676266-1646599465.png?lm=1,Mauro Perkovic,Centre-Back,"Mar 22, 2003",Croatia,"1,85",left,"Feb 16, 2023",NK Istra 1961,"Jun 30, 2023",2.50m,GNK Dinamo Zagreb
28,https://img.a.transfermarkt.technology/portrait/medium/60603-1605120558.jpg?lm=1,Kévin Théophile-Catherine,Centre-Back,"Oct 28, 1989","Martinique, France","1,83",right,"Jul 6, 2018",AS Saint-Étienne,"Jun 30, 2023",1.50m,GNK Dinamo Zagreb
35,https://img.a.transfermarkt.technology/portrait/medium/default.jpg?lm=1,Jakov Gurlica,Centre-Back,"Jan 10, 2004",Croatia,,,"Jan 2, 2023",GNK Dinamo Zagreb U19,"Jan 18, 2026",,GNK Dinamo Zagreb
14,https://img.a.transfermarkt.technology/portrait/medium/353634-1634892298.png?lm=1,Robert Ljubicic,Left-Back,"Jul 14, 1999","Croatia, Austria","1,78",left,"Jul 1, 2022",Rapid Vienna,"Jun 15, 2027",3.50m,GNK Dinamo Zagreb
2,https://img.a.transfermarkt.technology/portrait/medium/294778-1605122075.jpg?lm=1,Sadegh Moharrami,Right-Back,"Mar 1, 1996",Iran,"1,74",right,"Jul 2, 2018",Persepolis FC,"Jun 30, 2025",2.00m,GNK Dinamo Zagreb
13,https://img.a.transfermarkt.technology/portrait/medium/104466-1548509634.jpg?lm=1,Stefan Ristovski,Right-Back,"Feb 12, 1992",North Macedonia,"1,80",right,"Feb 2, 2021",Sporting CP,"Jun 30, 2025",2.00m,GNK Dinamo Zagreb
27,https://img.a.transfermarkt.technology/portrait/medium/227035-1515140198.jpg?lm=1,Josip Misic,Defensive Midfield,"Jun 28, 1994",Croatia,"1,87",right,"Jul 1, 2021",Sporting CP,"Jun 30, 2026",3.50m,GNK Dinamo Zagreb
31,https://img.a.transfermarkt.technology/portrait/medium/491039-1662491864.jpg?lm=1,Marko Bulat,Defensive Midfield,"Sep 26, 2001",Croatia,"1,78",right,"Feb 11, 2021",HNK Sibenik,"Jun 30, 2027",2.50m,GNK Dinamo Zagreb
-,https://img.a.transfermarkt.technology/portrait/medium/502692-1676412807.jpg?lm=1,Fran Tomek,Defensive Midfield,"Jun 25, 2002",Croatia,,,"Jul 1, 2022",HNK Gorica,"Jun 30, 2028",300k,GNK Dinamo Zagreb
7,https://img.a.transfermarkt.technology/portrait/medium/387105-1605121267.jpg?lm=1,Luka Ivanusec,Attacking Midfield,"Nov 26, 1998",Croatia,"1,75",right,"Aug 19, 2019",NK Lokomotiva Zagreb,"Jun 15, 2026",10.00m,GNK Dinamo Zagreb
10,https://img.a.transfermarkt.technology/portrait/medium/580451-1659520072.jpg?lm=1,Martin Baturina,Attacking Midfield,"Feb 16, 2003",Croatia,"1,72",right,"Jul 1, 2021",GNK Dinamo Zagreb II,"Jun 15, 2028",6.50m,GNK Dinamo Zagreb
77,https://img.a.transfermarkt.technology/portrait/medium/403290-1601583952.jpg?lm=1,Dario Spikic,Left Winger,"Mar 22, 1999",Croatia,"1,83",right,"Feb 4, 2021",HNK Gorica,"Jun 30, 2027",3.00m,GNK Dinamo Zagreb
12,https://img.a.transfermarkt.technology/portrait/medium/292666-1600971580.jpg?lm=1,Petar Bockaj,Left Winger,"Jul 23, 1996",Croatia,"1,79",left,"Jan 18, 2022",NK Osijek,"Jan 18, 2027",2.50m,GNK Dinamo Zagreb
70,https://img.a.transfermarkt.technology/portrait/medium/316047-1605122508.jpg?lm=1,Luka Menalo,Left Winger,"Jul 22, 1996","Bosnia-Herzegovina, Croatia","1,81",right,"Jul 6, 2018",NK Siroki Brijeg,"Jun 15, 2026",2.00m,GNK Dinamo Zagreb
41,https://img.a.transfermarkt.technology/portrait/medium/743567-1660729829.jpg?lm=1,Gabrijel Rukavina,Left Winger,"Jan 16, 2004",Croatia,"1,80",right,"Jul 1, 2022",GNK Dinamo Zagreb II,"Jan 18, 2028",800k,GNK Dinamo Zagreb
-,https://img.a.transfermarkt.technology/portrait/medium/default.jpg?lm=1,Fran Topic,Right Winger,"Mar 20, 2004",Croatia,,left,"Apr 3, 2023",GNK Dinamo Zagreb U19,"Jun 30, 2024",10k,GNK Dinamo Zagreb
9,https://img.a.transfermarkt.technology/portrait/medium/256358-1605121929.jpg?lm=1,Bruno Petkovic,Centre-Forward,"Sep 16, 1994",Croatia,"1,93",right,"Jan 21, 2019",Bologna FC 1909,"Jun 30, 2024",6.00m,GNK Dinamo Zagreb
18,https://img.a.transfermarkt.technology/portrait/medium/140579-1533288571.jpg?lm=1,Josip Drmic,Centre-Forward,"Aug 8, 1992","Switzerland, Croatia","1,84",right,"Jul 1, 2022",Norwich City,"Jun 30, 2024",3.00m,GNK Dinamo Zagreb
91,https://img.a.transfermarkt.technology/portrait/medium/46405-1662876130.jpg?lm=1,Lovre Kalinic,Goalkeeper,"Apr 3, 1990",Croatia,"2,01",left,"Jul 8, 2022",Aston Villa,"Jun 30, 2025",1.50m,HNK Hajduk Split
30,https://img.a.transfermarkt.technology/portrait/medium/632355-1662876100.jpg?lm=1,Karlo Sentic,Goalkeeper,"Jun 3, 2001",Croatia,"1,93",right,"Jul 1, 2021",HNK Hajduk Split II,"Jun 30, 2026",550k,HNK Hajduk Split
13,https://img.a.transfermarkt.technology/portrait/medium/164145-1674833327.jpg?lm=1,Ivan Lucic,Goalkeeper,"Mar 23, 1995","Austria, Croatia","1,94",right,"Jan 18, 2023",NK Istra 1961,"May 31, 2024",400k,HNK Hajduk Split
1,https://img.a.transfermarkt.technology/portrait/medium/27941-1662876077.jpg?lm=1,Danijel Subasic,Goalkeeper,"Oct 27, 1984",Croatia,"1,91",right,"Sep 22, 2021",Career break,"May 31, 2023",50k,HNK Hajduk Split
25,https://img.a.transfermarkt.technology/portrait/medium/358143-1662876407.jpg?lm=1,Chidozie Awaziem,Centre-Back,"Jan 1, 1997","Nigeria, Portugal","1,89",right,"Aug 2, 2022",Boavista FC,"Jun 30, 2023",5.00m,HNK Hajduk Split
4,https://img.a.transfermarkt.technology/portrait/medium/294321-1676842363.jpg?lm=1,Ferro,Centre-Back,"Mar 26, 1997",Portugal,"1,91",right,"Feb 15, 2023",SL Benfica,"May 31, 2026",2.50m,HNK Hajduk Split
5,https://img.a.transfermarkt.technology/portrait/medium/396342-1662876398.jpg?lm=1,Toni Borevkovic,Centre-Back,"Jun 18, 1997",Croatia,"1,93",right,"Jul 1, 2022",Vitória Guimarães SC,"Jun 30, 2023",2.00m,HNK Hajduk Split
19,https://img.a.transfermarkt.technology/portrait/medium/179895-1662876388.jpg?lm=1,Josip Elez,Centre-Back,"Apr 25, 1994",Croatia,"1,89",right,"Jul 1, 2021",Hannover 96,"May 31, 2025",1.10m,HNK Hajduk Split
8,https://img.a.transfermarkt.technology/portrait/medium/198613-1662876689.jpg?lm=1,Stefan Simic,Centre-Back,"Jan 20, 1995","Czech Republic, Croatia","1,89",right,"Jul 1, 2019",AC Milan,"Jun 30, 2023",500k,HNK Hajduk Split
3,https://img.a.transfermarkt.technology/portrait/medium/921533-1662876672.jpg?lm=1,Dominik Prpic,Centre-Back,"May 19, 2004",Croatia,"1,88",left,"Jul 1, 2022",HNK Hajduk Split U19,"May 31, 2025",50k,HNK Hajduk Split
44,https://img.a.transfermarkt.technology/portrait/medium/892160-1682418340.jpg?lm=1,Luka Vuskovic,Centre-Back,"Feb 24, 2007",Croatia,"1,93",right,"Feb 24, 2023",HNK Hajduk Split U19,"Jan 18, 2026",,HNK Hajduk Split
17,https://img.a.transfermarkt.technology/portrait/medium/238500-1662876663.jpg?lm=1,Dario Melnjak,Left-Back,"Oct 31, 1992",Croatia,"1,80",left,"Sep 23, 2021",Without Club,"May 31, 2024",2.50m,HNK Hajduk Split
33,https://img.a.transfermarkt.technology/portrait/medium/717882-1676842478.jpg?lm=1,Elvis Letaj,Left-Back,"Sep 26, 2003","Kosovo, Croatia","1,77",left,"Jul 1, 2022",NK Tabor Sezana,"May 31, 2025",250k,HNK Hajduk Split
24,https://img.a.transfermarkt.technology/portrait/medium/229625-1662877079.jpg?lm=1,Dino Mikanovic,Right-Back,"May 7, 1994",Croatia,"1,74",right,"Jan 28, 2022",Kairat Almaty,"May 31, 2024",1.20m,HNK Hajduk Split
26,https://img.a.transfermarkt.technology/portrait/medium/110746-1662877026.jpg?lm=1,Gergő Lovrencsics,Right-Back,"Sep 1, 1988",Hungary,"1,77",right,"Jul 5, 2021",Ferencvárosi TC,"Jun 30, 2023",250k,HNK Hajduk Split
-,https://img.a.transfermarkt.technology/portrait/medium/default.jpg?lm=1,Tvrtko Buljan,Right-Back,"Jan 26, 2002",Croatia,"1,85",,"Jul 1, 2021",NK Solin,"Jun 30, 2023",50k,HNK Hajduk Split
14,https://img.a.transfermarkt.technology/portrait/medium/224871-1662876895.jpg?lm=1,Lukas Grgic,Defensive Midfield,"Aug 17, 1995","Austria, Croatia","1,83",left,"Jan 18, 2022",LASK,"May 31, 2026",1.50m,HNK Hajduk Split
6,https://img.a.transfermarkt.technology/portrait/medium/110931-1662876878.jpg?lm=1,Marco Fossati,Defensive Midfield,"Oct 5, 1992",Italy,"1,80",right,"Aug 31, 2021",AC Monza,"May 31, 2023",1.00m,HNK Hajduk Split
-,https://img.a.transfermarkt.technology/portrait/medium/641060-1628963064.jpg?lm=1,Ivan Calusic,Defensive Midfield,"Sep 12, 1999",Croatia,"1,87",right,"Jul 1, 2021",NK Radomlje,"May 31, 2025",350k,HNK Hajduk Split
-,https://img.a.transfermarkt.technology/portrait/medium/default.jpg?lm=1,Niko Sigur,Defensive Midfield,"Sep 9, 2003","Canada, Croatia",,,"Apr 21, 2023",HNK Hajduk Split U19,"May 31, 2025",,HNK Hajduk Split
34,https://img.a.transfermarkt.technology/portrait/medium/921512-1645700031.JPG?lm=1,Marko Capan,Defensive Midfield,"Feb 24, 2004",Croatia,"1,80",left,"Jan 2, 2023",HNK Hajduk Split U19,"May 31, 2026",,HNK Hajduk Split
21,https://img.a.transfermarkt.technology/portrait/medium/887816-1662878472.jpg?lm=1,Rokas Pukstas,Central Midfield,"Aug 25, 2004","United States, Lithuania","1,81",right,"Jul 1, 2022",HNK Hajduk Split U19,"Jan 31, 2025",1.00m,HNK Hajduk Split
23,https://img.a.transfermarkt.technology/portrait/medium/261988-1662877804.jpg?lm=1,Filip Krovinovic,Attacking Midfield,"Aug 29, 1995",Croatia,"1,75",right,"Jul 20, 2021",SL Benfica,"May 31, 2024",5.00m,HNK Hajduk Split
11,https://img.a.transfermarkt.technology/portrait/medium/344599-1674834165.jpg?lm=1,Yassine Benrahou,Attacking Midfield,"Jan 24, 1999","Morocco, France","1,72",left,"Jan 26, 2023",Nîmes Olympique,"May 31, 2026",2.20m,HNK Hajduk Split
7,https://img.a.transfermarkt.technology/portrait/medium/303420-1662876972.jpg?lm=1,Anthony Kalik,Attacking Midfield,"Nov 5, 1997","Australia, Croatia","1,80",right,"Aug 26, 2022",HNK Gorica,"May 31, 2026",2.00m,HNK Hajduk Split
88,https://img.a.transfermarkt.technology/portrait/medium/580443-1674834024.jpg?lm=1,Ivan Cubelic,Attacking Midfield,"Jun 2, 2003",Croatia,"1,84",right,"Jul 1, 2021",NK Varazdin,"May 31, 2026",550k,HNK Hajduk Split
77,https://img.a.transfermarkt.technology/portrait/medium/403177-1662878051.jpg?lm=1,Emir Sahiti,Left Winger,"Nov 29, 1998","Kosovo, Albania","1,74",right,"Jul 1, 2021",HNK Hajduk Split II,"May 31, 2026",2.00m,HNK Hajduk Split
20,https://img.a.transfermarkt.technology/portrait/medium/860812-1676842448.jpg?lm=1,Agustin Anello,Left Winger,"Apr 22, 2002","United States, Italy","1,82",right,"Feb 13, 2023",Lommel SK,"Jun 30, 2023",350k,HNK Hajduk Split
10,https://img.a.transfermarkt.technology/portrait/medium/95438-1662878058.jpg?lm=1,Marko Livaja,Centre-Forward,"Aug 26, 1993",Croatia,"1,84",right,"Feb 18, 2021",AEK Athens,"Jun 30, 2027",8.00m,HNK Hajduk Split
29,https://img.a.transfermarkt.technology/portrait/medium/309180-1662878067.jpg?lm=1,Jan Mlakar,Centre-Forward,"Oct 23, 1998",Slovenia,"1,83",right,"Jul 12, 2021",Brighton & Hove Albion,"May 31, 2025",2.30m,HNK Hajduk Split
9,https://img.a.transfermarkt.technology/portrait/medium/36371-1662878081.jpg?lm=1,Nikola Kalinic,Centre-Forward,"Jan 5, 1988",Croatia,"1,87",both,"Feb 7, 2022",Hellas Verona,"Jun 30, 2023",600k,HNK Hajduk Split
1,https://img.a.transfermarkt.technology/portrait/medium/610190-1615921398.jpg?lm=1,Nediljko Labrovic,Goalkeeper,"Oct 10, 1999",Croatia,"1,96",right,"Jul 1, 2021",HNK Sibenik,"Jun 15, 2025",2.00m,HNK Rijeka
91,https://img.a.transfermarkt.technology/portrait/medium/default.jpg?lm=1,Mislav Zadro,Goalkeeper,"Apr 22, 2003",Croatia,"1,96",,"Aug 4, 2022",GNK Dinamo Zagreb II,"Jun 15, 2025",250k,HNK Rijeka
13,https://img.a.transfermarkt.technology/portrait/medium/495320-1559159373.jpeg?lm=1,Martin Zlomislic,Goalkeeper,"Aug 16, 1998","Bosnia-Herzegovina, Croatia","1,90",right,"Jul 16, 2021",NK Siroki Brijeg,"Jun 15, 2024",150k,HNK Rijeka
31,https://img.a.transfermarkt.technology/portrait/medium/default.jpg?lm=1,David Nwolokor,Goalkeeper,"Jan 10, 1996",Nigeria,"1,86",right,"Jan 1, 2015",NK Aluminij Kidricevo,"Jun 15, 2024",50k,HNK Rijeka
6,https://img.a.transfermarkt.technology/portrait/medium/206734-1616530039.jpg?lm=1,Matej Mitrovic,Centre-Back,"Nov 10, 1993",Croatia,"1,87",right,"Jul 6, 2022",Club Brugge KV,"Jun 30, 2024",700k,HNK Rijeka
15,https://img.a.transfermarkt.technology/portrait/medium/226080-1604826856.jpg?lm=1,Anton Kresic,Centre-Back,"Jan 29, 1996",Croatia,"1,98",right,"Jul 1, 2022",Atalanta BC,"Jun 30, 2025",600k,HNK Rijeka
5,https://img.a.transfermarkt.technology/portrait/medium/default.jpg?lm=1,Niko Galesic,Centre-Back,"Mar 26, 2001","Croatia, Germany","1,87",right,"Apr 17, 2020",NK Hrvatski Dragovoljac,"Jun 15, 2024",400k,HNK Rijeka
28,https://img.a.transfermarkt.technology/portrait/medium/571271-1548883414.png?lm=1,Ivan Smolcic,Centre-Back,"Aug 17, 2000",Croatia,"1,81",right,"Jul 1, 2022",NK Hrvatski Dragovoljac,"Jun 15, 2024",400k,HNK Rijeka
66,https://img.a.transfermarkt.technology/portrait/medium/80161-1605122329.jpg?lm=1,Emir Dilaver,Centre-Back,"May 7, 1991",Austria,"1,84",right,"Jan 18, 2023",GNK Dinamo Zagreb,"Jun 30, 2024",400k,HNK Rijeka
55,https://img.a.transfermarkt.technology/portrait/medium/default.jpg?lm=1,Duje Dujmovic,Centre-Back,"Dec 15, 2003",Croatia,"1,88",left,"Jul 1, 2022",HNK Rijeka U19,"Jun 15, 2024",50k,HNK Rijeka
-,https://img.a.transfermarkt.technology/portrait/medium/default.jpg?lm=1,Djibrilla Ibrahim,Centre-Back,"Mar 2, 2002",Niger,"1,94",right,"Jul 5, 2022",HNK Orijent Rijeka,"Jun 30, 2024",25k,HNK Rijeka
12,https://img.a.transfermarkt.technology/portrait/medium/294987-1566313933.jpg?lm=1,Andrija Vukcevic,Left-Back,"Oct 11, 1996",Montenegro,"1,80",left,"Feb 5, 2021",Waasland-Beveren,"Jun 15, 2024",700k,HNK Rijeka
3,https://img.a.transfermarkt.technology/portrait/medium/default.jpg?lm=1,Bruno Goda,Left-Back,"Apr 17, 1998",Croatia,"1,82",left,"Nov 22, 2022",Without Club,"Jun 30, 2025",400k,HNK Rijeka
-,https://img.a.transfermarkt.technology/portrait/medium/231387-1600613080.png?lm=1,Mikhail Merkulov,Left-Back,"Jan 26, 1994",Russia,"1,80",left,"Jul 28, 2021",Rubin Kazan,"Jun 30, 2023",250k,HNK Rijeka
77,https://img.a.transfermarkt.technology/portrait/medium/default.jpg?lm=1,Danilo Veiga,Right-Back,"Sep 25, 2002","Portugal, Brazil","1,83",right,"Jan 20, 2023",Gil Vicente FC,"Jun 30, 2025",1.50m,HNK Rijeka
32,https://img.a.transfermarkt.technology/portrait/medium/285077-1663608105.jpg?lm=1,Alen Grgic,Right-Back,"Aug 10, 1994",Croatia,"1,87",right,"Aug 26, 2022",NK Osijek,"Jun 15, 2024",350k,HNK Rijeka
2,https://img.a.transfermarkt.technology/portrait/medium/default.jpg?lm=1,Filip Braut,Right-Back,"Jun 5, 2002",Croatia,"1,79",right,"Jul 1, 2022",NK Hrvatski Dragovoljac,"Jun 15, 2024",200k,HNK Rijeka
25,https://img.a.transfermarkt.technology/portrait/medium/default.jpg?lm=1,Veldin Hodza,Defensive Midfield,"Oct 15, 2002",Croatia,"1,83",,"Jul 1, 2022",NK Hrvatski Dragovoljac,"Jun 15, 2025",1.00m,HNK Rijeka
23,https://img.a.transfermarkt.technology/portrait/medium/330147-1665498574.png?lm=1,Mato Stanic,Defensive Midfield,"Jan 11, 1998","Bosnia-Herzegovina, Croatia","1,84",left,"Jul 30, 2021",NK Varazdin,"Jun 30, 2025",200k,HNK Rijeka
18,https://img.a.transfermarkt.technology/portrait/medium/340172-1535648733.jpg?lm=1,Lindon Selahi,Central Midfield,"Feb 26, 1999","Albania, Belgium","1,80",right,"Jul 29, 2021",Twente Enschede FC,"Jun 30, 2024",1.60m,HNK Rijeka
22,https://img.a.transfermarkt.technology/portrait/medium/490308-1531227009.jpg?lm=1,Emmanuel Banda,Central Midfield,"Sep 29, 1997",Zambia,"1,78",left,"Jan 19, 2023",Djurgårdens IF,"Jun 30, 2025",750k,HNK Rijeka
40,https://img.a.transfermarkt.technology/portrait/medium/527968-1614584656.png?lm=1,Pablo Álvarez,Central Midfield,"Apr 23, 1997",Spain,"1,87",left,"Jul 1, 2022",Cherno More Varna,"Jun 30, 2024",450k,HNK Rijeka
8,https://img.a.transfermarkt.technology/portrait/medium/default.jpg?lm=1,Adrian Liber,Central Midfield,"Jan 9, 2001",Croatia,"1,71",right,-,,"Jun 30, 2025",150k,HNK Rijeka
4,https://img.a.transfermarkt.technology/portrait/medium/403760-1647376294.png?lm=1,Niko Jankovic,Attacking Midfield,"Aug 25, 2001",Croatia,"1,86",right,"Jan 20, 2023",GNK Dinamo Zagreb,"Jan 18, 2024",600k,HNK Rijeka
-,https://img.a.transfermarkt.technology/portrait/medium/default.jpg?lm=1,Karlo Valjan,Attacking Midfield,"Aug 30, 2003",Croatia,"1,85",,"Jul 1, 2022",HNK Rijeka U19,"Jun 15, 2024",,HNK Rijeka
-,https://img.a.transfermarkt.technology/portrait/medium/default.jpg?lm=1,Antonio Galesic,Attacking Midfield,"Apr 15, 2003",Croatia,,,"Jul 1, 2022",HNK Rijeka U19,"Jun 15, 2024",,HNK Rijeka
44,https://img.a.transfermarkt.technology/portrait/medium/371016-1605122569.jpg?lm=1,Antonio Marin,Left Winger,"Jan 9, 2001",Croatia,"1,82",right,"Jan 18, 2023",GNK Dinamo Zagreb,"Jun 30, 2023",1.80m,HNK Rijeka
99,https://img.a.transfermarkt.technology/portrait/medium/594926-1581659626.jpg?lm=1,Näis Djouahra,Left Winger,"Nov 23, 1999","France, Algeria","1,72",right,"Aug 2, 2022",Real Sociedad B,"Jun 30, 2025",1.00m,HNK Rijeka
16,https://img.a.transfermarkt.technology/portrait/medium/default.jpg?lm=1,Dominik Simcic,Left Winger,"Mar 7, 2003",Croatia,"1,77",,"Jul 1, 2022",HNK Rijeka U19,"Jun 15, 2024",50k,HNK Rijeka
11,https://img.a.transfermarkt.technology/portrait/medium/default.jpg?lm=1,Prince Ampem,Right Winger,"Apr 13, 1998",Ghana,"1,69",right,"Jul 2, 2021",HNK Sibenik,"Jun 15, 2024",1.30m,HNK Rijeka
30,https://img.a.transfermarkt.technology/portrait/medium/default.jpg?lm=1,Bruno Bogojevic,Right Winger,"Jun 29, 1998",Croatia,"1,79",right,"Nov 10, 2022",Without Club,"Jun 30, 2025",350k,HNK Rijeka
24,https://img.a.transfermarkt.technology/portrait/medium/840149-1667400169.jpeg?lm=1,Matija Frigan,Centre-Forward,"Feb 11, 2003",Croatia,"1,85",left,"Jul 1, 2022",HNK Rijeka U19,"Jun 15, 2025",850k,HNK Rijeka
9,https://img.a.transfermarkt.technology/portrait/medium/414773-1659553869.jpg?lm=1,Jorge Obregón,Centre-Forward,"Mar 29, 1997",Colombia,"1,82",right,"Jul 14, 2021",NK Varazdin,"Jun 15, 2024",700k,HNK Rijeka
92,https://img.a.transfermarkt.technology/portrait/medium/92989-1629734241.png?lm=1,Marco Djuricin,Centre-Forward,"Dec 12, 1992",Austria,"1,82",right,"Aug 31, 2022",Austria Vienna,"Jun 30, 2025",600k,HNK Rijeka
39,https://img.a.transfermarkt.technology/portrait/medium/407697-1619465208.jpg?lm=1,Deni Juric,Centre-Forward,"Sep 3, 1997","Australia, Croatia","1,89",right,"Jan 20, 2023",GNK Dinamo Zagreb,"Jun 30, 2023",500k,HNK Rijeka
1,https://img.a.transfermarkt.technology/portrait/medium/587505-1605121716.jpg?lm=1,Nikola Cavlina,Goalkeeper,"Jun 2, 2002",Croatia,,,"Jul 29, 2022",GNK Dinamo Zagreb II,"Jun 15, 2024",400k,NK Lokomotiva Zagreb
31,https://img.a.transfermarkt.technology/portrait/medium/default.jpg?lm=1,Zvonimir Subaric,Goalkeeper,"May 25, 1997",Croatia,"1,87",,"Sep 5, 2022",NK Hrvatski Dragovoljac,"Jun 15, 2024",250k,NK Lokomotiva Zagreb
12,https://img.a.transfermarkt.technology/portrait/medium/default.jpg?lm=1,Krunoslav Hendija,Goalkeeper,"Mar 19, 1989",Croatia,"1,94",right,"Aug 31, 2017",NK Rudes,"Jun 30, 2023",50k,NK Lokomotiva Zagreb
32,https://img.a.transfermarkt.technology/portrait/medium/50346-1547062403.jpg?lm=1,Krsevan Santini,Goalkeeper,"Apr 11, 1987",Croatia,"1,89",right,"Dec 31, 2020",Without Club,"Jun 15, 2023",50k,NK Lokomotiva Zagreb
5,https://img.a.transfermarkt.technology/portrait/medium/default.jpg?lm=1,Jon Mersinaj,Centre-Back,"Feb 8, 1999",Albania,"1,83",right,"Jul 1, 2018",NK Lokomotiva Zagreb U19,"Jun 15, 2025",800k,NK Lokomotiva Zagreb
16,https://img.a.transfermarkt.technology/portrait/medium/420196-1605471356.jpg?lm=1,Justin de Haas,Centre-Back,"Feb 1, 2000",Netherlands,"1,94",left,"Jul 7, 2021",PSV Eindhoven U21,"Jun 15, 2024",750k,NK Lokomotiva Zagreb
6,https://img.a.transfermarkt.technology/portrait/medium/256942-1599923976.jpg?lm=1,Hajdin Salihu,Centre-Back,"Jan 18, 2002","Albania, Kosovo","1,88",right,"Jul 9, 2021",FC Llapi,"Jun 15, 2023",100k,NK Lokomotiva Zagreb
20,https://img.a.transfermarkt.technology/portrait/medium/293180-1537438570.jpg?lm=1,Branimir Kalaica,Centre-Back,"Jun 1, 1998",Croatia,"1,92",right,"Jan 19, 2023",Without Club,"Jun 15, 2024",100k,NK Lokomotiva Zagreb
17,https://img.a.transfermarkt.technology/portrait/medium/466452-1616334860.jpg?lm=1,Ivan Milicevic,Left-Back,"Jul 16, 1998","Bosnia-Herzegovina, Croatia","1,83",left,"Jul 20, 2018",NK Siroki Brijeg,"Jun 15, 2024",1.00m,NK Lokomotiva Zagreb
19,https://img.a.transfermarkt.technology/portrait/medium/45826-1523610127.jpg?lm=1,Josip Pivaric,Left-Back,"Jan 30, 1989",Croatia,"1,75",left,"Oct 1, 2020",Dynamo Kyiv,"Jun 15, 2023",500k,NK Lokomotiva Zagreb
3,https://img.a.transfermarkt.technology/portrait/medium/default.jpg?lm=1,Fran Zilinski,Left-Back,"Apr 4, 2003",Croatia,,,"Jul 1, 2022",NK Lokomotiva Zagreb U19,"Jun 15, 2024",150k,NK Lokomotiva Zagreb
24,https://img.a.transfermarkt.technology/portrait/medium/519782-1614458126.jpeg?lm=1,Branimir Cipetic,Right-Back,"May 24, 1995","Bosnia-Herzegovina, Croatia","1,84",right,"Jan 20, 2021",NK Siroki Brijeg,"Jun 15, 2024",450k,NK Lokomotiva Zagreb
27,https://img.a.transfermarkt.technology/portrait/medium/default.jpg?lm=1,Marko Vranjkovic,Right-Back,"Feb 5, 1999",Croatia,"1,85",right,-,,"Jun 15, 2024",350k,NK Lokomotiva Zagreb
14,https://img.a.transfermarkt.technology/portrait/medium/455494-1603481951.jpg?lm=1,Mateo Maric,Defensive Midfield,"Mar 18, 1998","Bosnia-Herzegovina, Croatia","1,78",right,"Jan 21, 2021",NK Siroki Brijeg,"Jun 15, 2025",1.30m,NK Lokomotiva Zagreb
18,https://img.a.transfermarkt.technology/portrait/medium/370959-1630240510.jpg?lm=1,Marko Hanuljak,Defensive Midfield,"Jan 31, 2000",Croatia,"1,81",right,"Feb 16, 2023",HSK Posusje,"Jun 15, 2024",300k,NK Lokomotiva Zagreb
15,https://img.a.transfermarkt.technology/portrait/medium/default.jpg?lm=1,Art Smakaj,Defensive Midfield,"Feb 4, 2003","Kosovo, Croatia",,,"Jul 1, 2022",NK Lokomotiva Zagreb U19,"Jun 15, 2024",250k,NK Lokomotiva Zagreb
29,https://img.a.transfermarkt.technology/portrait/medium/default.jpg?lm=1,Vladan Bubanja,Defensive Midfield,"Feb 21, 1999",Montenegro,"1,94",right,"Jul 14, 2022",FK Sutjeska Niksic,"Jun 15, 2026",250k,NK Lokomotiva Zagreb
13,https://img.a.transfermarkt.technology/portrait/medium/602906-1603481393.jpg?lm=1,Blaz Boskovic,Defensive Midfield,"Dec 15, 2001","Bosnia-Herzegovina, Croatia",,right,"Jul 14, 2022",HSK Zrinjski Mostar,"Jun 15, 2026",200k,NK Lokomotiva Zagreb
11,https://img.a.transfermarkt.technology/portrait/medium/846545-1643271975.jpg?lm=1,Lukas Kacavenda,Attacking Midfield,"Mar 2, 2003",Croatia,"1,74",right,"Mar 29, 2021",NK Lokomotiva Zagreb U19,"Jun 15, 2025",4.50m,NK Lokomotiva Zagreb
30,https://img.a.transfermarkt.technology/portrait/medium/default.jpg?lm=1,Jakov-Anton Vasilj,Attacking Midfield,"Jun 2, 2002",Croatia,,right,"Jan 26, 2022",GNK Dinamo Zagreb II,"Jun 30, 2023",850k,NK Lokomotiva Zagreb
23,https://img.a.transfermarkt.technology/portrait/medium/default.jpg?lm=1,Luka Stojkovic,Attacking Midfield,"Oct 28, 2003",Croatia,"1,82",right,"Mar 22, 2021",NK Lokomotiva Zagreb U19,"Jun 15, 2025",700k,NK Lokomotiva Zagreb
21,https://img.a.transfermarkt.technology/portrait/medium/default.jpg?lm=1,Gabriel Groznica,Attacking Midfield,"Mar 12, 2002",Croatia,,,"Jul 1, 2021",NK Jarun,"Jun 15, 2023",300k,NK Lokomotiva Zagreb
25,https://img.a.transfermarkt.technology/portrait/medium/default.jpg?lm=1,Raul Florucz,Left Winger,"Jun 10, 2001",Austria,"1,82",left,"Jul 1, 2020",NK Olimpija Ljubljana,"Jan 17, 2024",850k,NK Lokomotiva Zagreb
22,https://img.a.transfermarkt.technology/portrait/medium/default.jpg?lm=1,Silvio Gorican,Left Winger,"Feb 27, 2000",Croatia,"1,76",right,-,,"Jun 15, 2024",550k,NK Lokomotiva Zagreb
8,https://img.a.transfermarkt.technology/portrait/medium/default.jpg?lm=1,Marin Soticek,Right Winger,"Sep 18, 2004",Croatia,,,"Jul 1, 2022",NK Lokomotiva Zagreb U19,"Jun 15, 2024",200k,NK Lokomotiva Zagreb
9,https://img.a.transfermarkt.technology/portrait/medium/357778-1605123186.jpg?lm=1,Sandro Kulenovic,Centre-Forward,"Dec 4, 1999",Croatia,"1,91",right,"Aug 31, 2021",GNK Dinamo Zagreb,"Jun 30, 2023",2.00m,NK Lokomotiva Zagreb
10,https://img.a.transfermarkt.technology/portrait/medium/default.jpg?lm=1,Indrit Tuci,Centre-Forward,"Sep 14, 2000",Albania,"1,91",right,"Jul 1, 2019",NK Lokomotiva Zagreb U19,"Jun 15, 2025",300k,NK Lokomotiva Zagreb
-,https://img.a.transfermarkt.technology/portrait/medium/615603-1607329335.JPG?lm=1,Mihajlo Baic,Centre-Forward,"Nov 21, 2002","Serbia, Croatia","1,91",right,"Mar 22, 2023",NK Osijek II,"Jun 15, 2023",100k,NK Lokomotiva Zagreb
31,https://img.a.transfermarkt.technology/portrait/medium/179894-1663604483.jpg?lm=1,Marko Malenica,Goalkeeper,"Feb 8, 1994",Croatia,"1,93",right,"Jan 14, 2013",NK Osijek U19,"Jun 30, 2025",400k,NK Osijek
15,https://img.a.transfermarkt.technology/portrait/medium/447215-1663604495.jpg?lm=1,Marko Baresic,Goalkeeper,"Apr 30, 1999",Croatia,"1,96",right,"Jul 1, 2021",NK Osijek II,"Jun 30, 2024",50k,NK Osijek
37,https://img.a.transfermarkt.technology/portrait/medium/625206-1663606417.jpg?lm=1,Adrian Leon Barisic,Centre-Back,"Jul 19, 2001","Bosnia-Herzegovina, Croatia","1,93",right,"Jul 1, 2021",Frosinone Calcio,"Jun 30, 2025",1.50m,NK Osijek
98,https://img.a.transfermarkt.technology/portrait/medium/343153-1663606443.jpg?lm=1,Yevgen Cheberko,Centre-Back,"Jan 23, 1998",Ukraine,"1,84",left,"Jan 19, 2022",LASK,"Jun 30, 2025",750k,NK Osijek
20,https://img.a.transfermarkt.technology/portrait/medium/325124-1663606283.jpg?lm=1,Mario Jurcevic,Left-Back,"Jun 1, 1995",Slovenia,"1,86",left,"Sep 10, 2020",NK Olimpija Ljubljana,"Jun 30, 2023",400k,NK Osijek
4,https://img.a.transfermarkt.technology/portrait/medium/51604-1663606245.jpg?lm=1,Marin Leovac,Left-Back,"Aug 7, 1988","Croatia, Austria","1,80",left,"Jan 27, 2022",GNK Dinamo Zagreb,"Jun 30, 2023",150k,NK Osijek
19,https://img.a.transfermarkt.technology/portrait/medium/434557-1663607511.jpg?lm=1,Mihael Zaper,Defensive Midfield,"Aug 11, 1998",Croatia,"1,88",right,"Apr 2, 2019",NK Osijek II,"Jun 30, 2024",3.00m,NK Osijek
6,https://img.a.transfermarkt.technology/portrait/medium/526566-1663607504.jpg?lm=1,Darko Nejasmic,Defensive Midfield,"Jan 25, 1999",Croatia,"1,83",right,"Jul 7, 2022",HNK Hajduk Split,"Jun 30, 2025",1.60m,NK Osijek
23,https://img.a.transfermarkt.technology/portrait/medium/160471-1663607498.jpg?lm=1,Petar Brlek,Central Midfield,"Jan 29, 1994",Croatia,"1,80",right,"Jan 18, 2021",Genoa CFC,"Jun 30, 2024",400k,NK Osijek
8,https://img.a.transfermarkt.technology/portrait/medium/541646-1663607491.jpg?lm=1,Diego Barri,Central Midfield,"Sep 19, 1995",Spain,"1,88",right,"Feb 2, 2022",CD Badajoz,"Jun 30, 2023",150k,NK Osijek
7,https://img.a.transfermarkt.technology/portrait/medium/49929-1663607460.jpg?lm=1,Vedran Jugovic,Central Midfield,"Jul 31, 1989",Croatia,"1,78",right,"Jul 1, 2019",Jeonnam Dragons,"Jun 30, 2024",100k,NK Osijek
25,https://img.a.transfermarkt.technology/portrait/medium/724666-1663607382.jpg?lm=1,Ognjen Bakic,Central Midfield,"Jan 6, 2003",Montenegro,,right,"Jul 1, 2022",NK Osijek II,"Jun 30, 2025",100k,NK Osijek
11,https://img.a.transfermarkt.technology/portrait/medium/197032-1663607271.jpg?lm=1,Mijo Caktas,Attacking Midfield,"May 8, 1992",Croatia,"1,79",right,"Jan 26, 2022",Damac FC,"Jun 30, 2025",2.00m,NK Osijek
14,https://img.a.transfermarkt.technology/portrait/medium/226070-1663607240.jpg?lm=1,Ivan Fiolic,Attacking Midfield,"Apr 29, 1996",Croatia,"1,76",left,"Jul 20, 2021",KRC Genk,"Jun 30, 2024",950k,NK Osijek
44,https://img.a.transfermarkt.technology/portrait/medium/294401-1663607207.jpg?lm=1,Kristijan Lovric,Left Winger,"Dec 1, 1995",Croatia,"1,86",right,"Feb 15, 2022",HNK Gorica,"Jun 30, 2026",2.00m,NK Osijek
16,https://img.a.transfermarkt.technology/portrait/medium/624347-1663607830.jpg?lm=1,Nikola Janjic,Left Winger,"Jul 14, 2002",Montenegro,,left,"Jul 6, 2022",FK Sutjeska Niksic,"Jun 30, 2026",300k,NK Osijek
36,https://img.a.transfermarkt.technology/portrait/medium/797824-1663438460.jpg?lm=1,Nail Omerovic,Left Winger,"Oct 20, 2002",Bosnia-Herzegovina,"1,74",right,"Jan 2, 2023",NK Osijek II,"Jun 30, 2026",150k,NK Osijek
39,https://img.a.transfermarkt.technology/portrait/medium/921251-1663429395.jpg?lm=1,Domagoj Bukvic,Left Winger,"Feb 22, 2004",Croatia,"1,74",left,"Jan 2, 2023",NK Osijek II,"Jun 30, 2025",100k,NK Osijek
24,https://img.a.transfermarkt.technology/portrait/medium/1056459-1679433913.jpg?lm=1,Filip Zivkovic,Left Winger,"Aug 1, 2006",Croatia,,left,"Jan 2, 2023",NK Osijek U17,"Jan 31, 2026",,NK Osijek
17,https://img.a.transfermarkt.technology/portrait/medium/186647-1663607810.jpg?lm=1,Sime Grzan,Right Winger,"Apr 6, 1994",Croatia,"1,72",right,"Jul 2, 2021",Zalaegerszegi TE FC,"Jun 30, 2024",450k,NK Osijek
10,https://img.a.transfermarkt.technology/portrait/medium/293196-1664039723.jpg?lm=1,Josip Spoljaric,Second Striker,"Jan 5, 1997",Croatia,"1,84",right,"Nov 19, 2018",Zalaegerszegi TE FC,"Jun 30, 2023",350k,NK Osijek
13,https://img.a.transfermarkt.technology/portrait/medium/435022-1663607779.jpg?lm=1,Ramón Miérez,Centre-Forward,"May 13, 1997",Argentina,"1,82",right,"Jul 1, 2021",Deportivo Alavés,"Jun 30, 2025",2.00m,NK Osijek
30,https://img.a.transfermarkt.technology/portrait/medium/53522-1663607762.jpg?lm=1,Mihret Topcagic,Centre-Forward,"Jun 21, 1988","Austria, Bosnia-Herzegovina","1,93",right,"Jan 18, 2021",Without Club,"Jun 30, 2023",100k,NK Osijek
31,https://img.a.transfermarkt.technology/portrait/medium/160467-1601579881.jpg?lm=1,Ivan Banic,Goalkeeper,"Jul 18, 1994",Croatia,"1,87",right,"Aug 2, 2020",NK Olimpija Ljubljana,"May 30, 2025",400k,HNK Gorica
1,https://img.a.transfermarkt.technology/portrait/medium/526258-1574324726.jpg?lm=1,Karlo Ziger,Goalkeeper,"May 11, 2001",Croatia,"1,87",right,"Jul 18, 2022",Chelsea FC U21,"Jun 30, 2026",50k,HNK Gorica
12,https://img.a.transfermarkt.technology/portrait/medium/601189-1553468742.jpg?lm=1,Jan Paolo Debijadji,Goalkeeper,"Apr 16, 2000",Croatia,"1,91",right,"Oct 15, 2020",NK Dubrava Tim kabel,"Jun 30, 2024",50k,HNK Gorica
21,https://img.a.transfermarkt.technology/portrait/medium/46407-1665497769.png?lm=1,Bozidar Radosevic,Goalkeeper,"Apr 4, 1989",Croatia,"1,87",right,"Feb 2, 2023",NK Varazdin,"Jun 15, 2023",50k,HNK Gorica
25,https://img.a.transfermarkt.technology/portrait/medium/585858-1601583398.jpg?lm=1,Kresimir Krizmanic,Centre-Back,"Jul 3, 2000",Croatia,"1,88",left,"Jan 5, 2019",HNK Gorica U19,"Jun 30, 2025",1.80m,HNK Gorica
4,https://img.a.transfermarkt.technology/portrait/medium/202793-1601580223.jpg?lm=1,Matthew Steenvoorden,Centre-Back,"Jan 9, 1993",Netherlands,"1,88",right,"Jul 8, 2019",SC Cambuur Leeuwarden,"May 31, 2024",500k,HNK Gorica
32,https://img.a.transfermarkt.technology/portrait/medium/206956-1663606335.jpg?lm=1,Slavko Bralic,Centre-Back,"Dec 15, 1992",Croatia,"1,91",right,"Jan 19, 2023",NK Osijek,"Jun 30, 2023",350k,HNK Gorica
13,https://img.a.transfermarkt.technology/portrait/medium/531072-1612713477.png?lm=1,Robert Cosic,Centre-Back,"Jul 8, 1997",Croatia,"1,84",right,"Jan 18, 2023",NK Rudes,"Jun 30, 2025",175k,HNK Gorica
34,https://img.a.transfermarkt.technology/portrait/medium/default.jpg?lm=1,Mario Matkovic,Centre-Back,"Apr 2, 2003",Croatia,,,"Jul 1, 2022",HNK Gorica U19,"Jun 30, 2024",,HNK Gorica
22,https://img.a.transfermarkt.technology/portrait/medium/489865-1648491577.png?lm=1,Matus Vojtko,Left-Back,"Oct 5, 2000",Slovakia,"1,81",left,"Jul 11, 2022",Slovan Bratislava,"Jun 30, 2023",350k,HNK Gorica
33,https://img.a.transfermarkt.technology/portrait/medium/330289-1505210251.jpg?lm=1,Cheick Keita,Left-Back,"Apr 16, 1996","Mali, France","1,80",left,"Feb 4, 2021",Without Club,"May 31, 2023",250k,HNK Gorica
90,https://img.a.transfermarkt.technology/portrait/medium/100591-1580400052.png?lm=1,Dino Stiglec,Left-Back,"Oct 3, 1990",Croatia,"1,89",left,"Feb 10, 2023",Hapoel Haifa,"Jun 10, 2023",250k,HNK Gorica
20,https://img.a.transfermarkt.technology/portrait/medium/246836-1490950779.jpg?lm=1,Momcilo Raspopovic,Right-Back,"Mar 18, 1994",Montenegro,"1,83",right,"Jul 1, 2022",Buducnost Podgorica,"May 31, 2024",350k,HNK Gorica
44,https://img.a.transfermarkt.technology/portrait/medium/49985-1515489871.jpg?lm=1,Ivan Tomecak,Right-Back,"Dec 7, 1989",Croatia,"1,75",right,"Feb 2, 2023",NK Lokomotiva Zagreb,"Jun 15, 2023",250k,HNK Gorica
10,https://img.a.transfermarkt.technology/portrait/medium/425780-1605472009.jpg?lm=1,Jurica Prsir,Defensive Midfield,"May 29, 2000",Croatia,"1,80",right,"Oct 15, 2020",HNK Hajduk Split,"Aug 31, 2026",1.50m,HNK Gorica
15,https://img.a.transfermarkt.technology/portrait/medium/131324-1634118328.png?lm=1,Filip Mrzljak,Defensive Midfield,"Apr 16, 1993",Croatia,"1,75",both,"Jan 11, 2023",Without Club,"Jun 30, 2024",500k,HNK Gorica
8,https://img.a.transfermarkt.technology/portrait/medium/101657-1601583601.jpg?lm=1,Joey Suk,Defensive Midfield,"Jul 8, 1989",Netherlands,"1,85",right,"Aug 3, 2018",Go Ahead Eagles,"May 31, 2023",400k,HNK Gorica
18,https://img.a.transfermarkt.technology/portrait/medium/default.jpg?lm=1,Patrik Jug,Defensive Midfield,"Feb 4, 2002",Croatia,"1,82",right,"Jul 1, 2021",HNK Gorica U19,"Jul 31, 2023",100k,HNK Gorica
17,https://img.a.transfermarkt.technology/portrait/medium/default.jpg?lm=1,Vinko Skrbin,Defensive Midfield,"Apr 24, 2003",Croatia,,,"Jul 1, 2022",HNK Gorica U19,"May 31, 2024",50k,HNK Gorica
16,https://img.a.transfermarkt.technology/portrait/medium/432758-1625042737.jpg?lm=1,Toni Fruk,Attacking Midfield,"Mar 9, 2001",Croatia,"1,79",left,"Jul 14, 2021",ACF Fiorentina,"Jun 30, 2023",2.00m,HNK Gorica
11,https://img.a.transfermarkt.technology/portrait/medium/491033-1580457788.jpg?lm=1,Edin Julardzija,Attacking Midfield,"Jan 21, 2001",Croatia,"1,73",,"Jul 1, 2022",GNK Dinamo Zagreb II,"Jun 30, 2026",150k,HNK Gorica
23,https://img.a.transfermarkt.technology/portrait/medium/default.jpg?lm=1,Luka Kapulica,Attacking Midfield,"Jan 18, 2005",Croatia,,,"Oct 24, 2022",HNK Gorica U19,"Jun 30, 2025",50k,HNK Gorica
9,https://img.a.transfermarkt.technology/portrait/medium/655977-1663607123.jpg?lm=1,Kristian Fucak,Left Winger,"Nov 14, 1998",Croatia,"1,93",,"Jan 19, 2023",NK Osijek,"Jun 30, 2023",500k,HNK Gorica
95,https://img.a.transfermarkt.technology/portrait/medium/366418-1645305658.jpg?lm=1,Vinko Petkovic,Left Winger,"Oct 1, 1995",Croatia,"1,80",right,"Jan 19, 2023",NK Osijek,"Jun 30, 2023",250k,HNK Gorica
99,https://img.a.transfermarkt.technology/portrait/medium/398886-1600971355.jpg?lm=1,Merveil Ndockyt,Left Winger,"Jul 20, 1998",Congo,"1,69",left,"Jul 27, 2022",NK Osijek,"Jun 30, 2024",100k,HNK Gorica
77,https://img.a.transfermarkt.technology/portrait/medium/314269-1648577522.jpg?lm=1,Valentino Majstorovic,Right Winger,"Nov 11, 1995",Croatia,"1,70",right,"Jan 5, 2023",Without Club,"Jun 30, 2025",700k,HNK Gorica
14,https://img.a.transfermarkt.technology/portrait/medium/464332-1601583943.jpg?lm=1,Josip Mitrovic,Right Winger,"Jun 11, 2000",Croatia,"1,74",right,"Aug 11, 2020",HNK Rijeka,"May 31, 2024",500k,HNK Gorica
46,https://img.a.transfermarkt.technology/portrait/medium/293260-1648487156.jpeg?lm=1,Nikola Vujnovic,Centre-Forward,"Jan 11, 1997",Montenegro,"1,77",both,"Sep 7, 2022",FK Vozdovac,"Jun 30, 2025",600k,HNK Gorica
89,https://img.a.transfermarkt.technology/portrait/medium/50303-1471449523.jpg?lm=1,Tim Matavz,Centre-Forward,"Jan 13, 1989",Slovenia,"1,88",right,"Jan 19, 2023",Omonia Nicosia,"Jun 15, 2024",400k,HNK Gorica
7,https://img.a.transfermarkt.technology/portrait/medium/927331-1659297761.png?lm=1,Ante Matej Juric,Centre-Forward,"Nov 26, 2002",Croatia,,,"Jul 5, 2022",NK Belisce,"Jun 30, 2025",100k,HNK Gorica
1,https://img.a.transfermarkt.technology/portrait/medium/131330-1665497867.png?lm=1,Oliver Zelenika,Goalkeeper,"May 14, 1993",Croatia,"1,92",left,"Feb 3, 2020",Without Club,"Jun 15, 2025",150k,NK Varazdin
21,https://img.a.transfermarkt.technology/portrait/medium/default.jpg?lm=1,Josip Silic,Goalkeeper,"Dec 16, 1999",Croatia,,,"Feb 15, 2023",NK Dugopolje,"Jun 15, 2023",100k,NK Varazdin
12,https://img.a.transfermarkt.technology/portrait/medium/574303-1665497914.png?lm=1,Marino Bulat,Goalkeeper,"Jun 26, 1999",Croatia,"1,94",right,"Jul 14, 2022",NK Croatia Zmijavci,"Jun 15, 2023",50k,NK Varazdin
4,https://img.a.transfermarkt.technology/portrait/medium/454293-1665497956.png?lm=1,Jorgo Pellumbi,Centre-Back,"Jul 15, 2000",Albania,"1,86",left,"Sep 16, 2020",FK Kukësi,"May 31, 2024",450k,NK Varazdin
26,https://img.a.transfermarkt.technology/portrait/medium/370999-1665497973.png?lm=1,Luka Jelenic,Centre-Back,"May 24, 2000",Croatia,"1,87",right,"Jul 13, 2022",NK Inker,"Jun 15, 2024",400k,NK Varazdin
24,https://img.a.transfermarkt.technology/portrait/medium/226095-1665497946.png?lm=1,Marko Stolnik,Centre-Back,"Jul 8, 1996",Croatia,"1,86",,"Jul 30, 2018",FK Auda,"May 31, 2023",350k,NK Varazdin
6,https://img.a.transfermarkt.technology/portrait/medium/552970-1665497963.png?lm=1,Jakov Karabatic,Centre-Back,"Mar 23, 2000",Croatia,"1,97",right,"Sep 1, 2021",HNK Cibalia Vinkovci,"May 31, 2023",200k,NK Varazdin
20,https://img.a.transfermarkt.technology/portrait/medium/353374-1665496836.png?lm=1,Lamine Ba,Centre-Back,"Aug 24, 1997","Mauritania, France","1,89",right,"Jul 20, 2022",FC Progrès Niederkorn,"Jun 15, 2023",150k,NK Varazdin
28,https://img.a.transfermarkt.technology/portrait/medium/619277-1665497992.png?lm=1,Luka Skaricic,Centre-Back,"Jan 28, 2002",Croatia,"1,90",right,"Feb 1, 2022",HNK Hajduk Split,"Jun 30, 2023",100k,NK Varazdin
25,https://img.a.transfermarkt.technology/portrait/medium/351557-1665498760.png?lm=1,Itsuki Urata,Left-Back,"Jan 29, 1997",Japan,"1,80",left,"Aug 12, 2020",Without Club,"Jun 15, 2023",200k,NK Varazdin
5,https://img.a.transfermarkt.technology/portrait/medium/333450-1665498717.png?lm=1,Jozo Stanic,Right-Back,"Apr 6, 1999","Croatia, Germany","1,84",right,"Jul 1, 2022",FC Augsburg,"Jun 30, 2023",500k,NK Varazdin
18,https://img.a.transfermarkt.technology/portrait/medium/366062-1665498708.png?lm=1,Matija Kolaric,Right-Back,"Apr 14, 1996",Croatia,"1,70",,"Aug 2, 2016",NK Medjimurje Cakovec,"May 31, 2024",350k,NK Varazdin
6,https://img.a.transfermarkt.technology/portrait/medium/197078-1665498664.png?lm=1,David Puclin,Defensive Midfield,"Jun 17, 1992",Croatia,"1,77",right,"Sep 1, 2022",Vorskla Poltava,"Jun 30, 2023",700k,NK Varazdin
8,https://img.a.transfermarkt.technology/portrait/medium/312715-1665498700.png?lm=1,Igor Postonjski,Defensive Midfield,"Feb 4, 1995",Croatia,"1,77",right,"Jan 18, 2021",NK Zagorec,"May 31, 2024",650k,NK Varazdin
23,https://img.a.transfermarkt.technology/portrait/medium/458052-1665498653.png?lm=1,Marin Pilj,Defensive Midfield,"Dec 3, 1996",Croatia,"1,65",right,"Sep 1, 2022",NK Olimpija Ljubljana,"Jun 15, 2023",650k,NK Varazdin
22,https://img.a.transfermarkt.technology/portrait/medium/505324-1665498583.png?lm=1,Agon Elezi,Defensive Midfield,"Mar 1, 2001","North Macedonia, Albania","1,78",right,"Sep 16, 2020",KF Skënderbeu,"May 31, 2024",550k,NK Varazdin
33,https://img.a.transfermarkt.technology/portrait/medium/844375-1665498625.png?lm=1,Leon Belcar,Defensive Midfield,"Jan 4, 2002",Croatia,"1,86",right,"Jul 1, 2021",NK Varazdin U19,"Dec 31, 2024",150k,NK Varazdin
36,https://img.a.transfermarkt.technology/portrait/medium/479645-1552404419.jpg?lm=1,Rafa Pereira,Central Midfield,"May 26, 2001",Portugal,"1,75",right,"Feb 8, 2023",Vitória Guimarães SC B,"Dec 31, 2023",125k,NK Varazdin
10,https://img.a.transfermarkt.technology/portrait/medium/510241-1665498559.png?lm=1,Tonio Teklic,Attacking Midfield,"Sep 9, 1999",Croatia,"1,82",left,"Jul 13, 2022",HNK Hajduk Split,"May 31, 2024",1.00m,NK Varazdin
9,https://img.a.transfermarkt.technology/portrait/medium/240247-1452608794.jpg?lm=1,Domagoj Drozdek,Left Winger,"Mar 20, 1996",Croatia,"1,80",right,"Feb 16, 2023",Busan IPark,"Jun 15, 2024",500k,NK Varazdin
13,https://img.a.transfermarkt.technology/portrait/medium/225551-1665500825.png?lm=1,Leonard Vuk,Left Winger,"May 23, 1995",Croatia,"1,73",,"Aug 1, 2016",NK Medjimurje Cakovec,"May 31, 2023",100k,NK Varazdin
19,https://img.a.transfermarkt.technology/portrait/medium/665274-1626344054.PNG?lm=1,Ivan Saranic,Right Winger,"May 12, 2003",Croatia,"1,85",left,"Jan 20, 2023",GNK Dinamo Zagreb,"Jun 30, 2023",800k,NK Varazdin
11,https://img.a.transfermarkt.technology/portrait/medium/371012-1665500817.png?lm=1,Michele Sego,Right Winger,"Aug 5, 2000",Croatia,"1,78",right,"Jul 13, 2022",HNK Hajduk Split,"May 31, 2024",750k,NK Varazdin
15,https://img.a.transfermarkt.technology/portrait/medium/937973-1665500791.png?lm=1,Lovro Banovec,Right Winger,"Oct 28, 2001",Croatia,,right,"Jul 29, 2022",NK Inker,"Jun 15, 2023",350k,NK Varazdin
17,https://img.a.transfermarkt.technology/portrait/medium/386794-1571747470.jpg?lm=1,Dimitar Mitrovski,Right Winger,"Jan 28, 1999",North Macedonia,"1,76",left,"Jan 26, 2023",Akademija Pandev,"Jun 30, 2023",250k,NK Varazdin
16,https://img.a.transfermarkt.technology/portrait/medium/921254-1665500775.png?lm=1,Noa Vugrinec,Right Winger,"Aug 13, 2002",Croatia,,,"Jul 1, 2021",NK Varazdin U19,"May 31, 2024",50k,NK Varazdin
30,https://img.a.transfermarkt.technology/portrait/medium/295048-1665500766.png?lm=1,Andris Herrera,Second Striker,"Oct 20, 1996",Venezuela,"1,75",right,"Feb 2, 2021",Yaracuyanos FC,"Jun 15, 2023",350k,NK Varazdin
7,https://img.a.transfermarkt.technology/portrait/medium/226060-1665500747.png?lm=1,Fran Brodic,Centre-Forward,"Jan 8, 1997",Croatia,"1,80",both,"Jul 6, 2022",HNK Gorica,"May 31, 2023",550k,NK Varazdin
27,https://img.a.transfermarkt.technology/portrait/medium/697091-1665500757.png?lm=1,Karlo Peric,Centre-Forward,"Feb 14, 2001",Croatia,,,"Jul 6, 2022",NK Hrvatski Dragovoljac,"Jun 15, 2023",400k,NK Varazdin
29,https://img.a.transfermarkt.technology/portrait/medium/937737-1643959490.png?lm=1,Niko Domjanic,Centre-Forward,"Feb 19, 2003",Croatia,,,"Nov 3, 2021",NK Varazdin U19,"Dec 31, 2024",300k,NK Varazdin
21,https://img.a.transfermarkt.technology/portrait/medium/494847-1646599197.png?lm=1,Lovro Majkic,Goalkeeper,"Oct 8, 1999",Croatia,"1,86",right,"Jul 30, 2018",HNK Rijeka U19,"Jun 30, 2025",300k,NK Istra 1961
1,https://img.a.transfermarkt.technology/portrait/medium/263065-1646155104.jpg?lm=1,Marijan Coric,Goalkeeper,"Feb 6, 1995",Croatia,"2,04",right,"Jan 18, 2023",NK Opatija,"Jun 30, 2024",100k,NK Istra 1961
40,https://img.a.transfermarkt.technology/portrait/medium/830280-1637273708.png?lm=1,Jan Paus-Kunst,Goalkeeper,"Aug 17, 2001",Croatia,"1,93",left,"Aug 4, 2020",NK Cres,"Jun 30, 2023",50k,NK Istra 1961
45,https://img.a.transfermarkt.technology/portrait/medium/207025-1669112375.png?lm=1,Ante Majstorovic,Centre-Back,"Nov 6, 1993",Croatia,"1,85",right,"Mar 2, 2023",Without Club,"Jun 15, 2024",600k,NK Istra 1961
23,https://img.a.transfermarkt.technology/portrait/medium/307807-1602857432.png?lm=1,Dario Maresic,Centre-Back,"Sep 29, 1999","Austria, Croatia","1,83",both,"Jul 12, 2022",Stade Reims,"Jun 30, 2023",500k,NK Istra 1961
8,https://img.a.transfermarkt.technology/portrait/medium/251046-1646598982.png?lm=1,Einar Galilea,Centre-Back,"May 22, 1994",Spain,"1,85",left,"Jul 7, 2021",Deportivo Alavés B,"Jun 30, 2023",400k,NK Istra 1961
33,https://img.a.transfermarkt.technology/portrait/medium/default.jpg?lm=1,Luka Bradaric,Centre-Back,"Sep 8, 2003",Croatia,,,"Jul 8, 2022",HNK Hajduk Split U19,"Jun 30, 2025",150k,NK Istra 1961
20,https://img.a.transfermarkt.technology/portrait/medium/619353-1644699702.jpeg?lm=1,Iurie Iovu,Centre-Back,"Jul 6, 2002","Moldova, Romania","1,96",right,"Jan 31, 2023",Venezia FC,"Jun 30, 2025",50k,NK Istra 1961
14,https://img.a.transfermarkt.technology/portrait/medium/434558-1646599012.png?lm=1,Luka Marin,Left-Back,"Mar 16, 1998",Croatia,"1,86",left,"Jul 16, 2021",NK Osijek II,"Jun 30, 2023",300k,NK Istra 1961
32,https://img.a.transfermarkt.technology/portrait/medium/909610-1646599338.png?lm=1,Mihael Rovis,Left-Back,"Jan 18, 2002",Croatia,"1,80",left,"Jul 1, 2021",NK Istra 1961 U19,"Jun 30, 2025",250k,NK Istra 1961
97,https://img.a.transfermarkt.technology/portrait/medium/318829-1598823282.jpg?lm=1,Advan Kadusic,Right-Back,"Oct 14, 1997",Bosnia-Herzegovina,"1,78",right,"Jul 25, 2022",Without Club,"Jun 30, 2025",700k,NK Istra 1961
2,https://img.a.transfermarkt.technology/portrait/medium/510256-1646598784.png?lm=1,Luka Hujber,Right-Back,"Jun 16, 1999",Croatia,"1,71",right,"Sep 4, 2020",NK Lokomotiva Zagreb,"Jun 30, 2024",500k,NK Istra 1961
16,https://img.a.transfermarkt.technology/portrait/medium/461657-1641717271.png?lm=1,Oleksandr Petrusenko,Defensive Midfield,"Mar 26, 1998",Ukraine,"1,81",right,"Aug 9, 2022",Budapest Honvéd FC,"Jun 30, 2025",500k,NK Istra 1961
6,https://img.a.transfermarkt.technology/portrait/medium/default.jpg?lm=1,Tomislav Duvnjak,Defensive Midfield,"Feb 5, 2003",Croatia,,,"Jul 5, 2022",GNK Dinamo Zagreb II,"Jun 30, 2025",350k,NK Istra 1961
4,https://img.a.transfermarkt.technology/portrait/medium/123638-1646598792.png?lm=1,Frano Mlinar,Defensive Midfield,"Mar 30, 1992",Croatia,"1,82",right,"Jul 1, 2021",Slaven Belupo Koprivnica,"Jun 30, 2024",250k,NK Istra 1961
7,https://img.a.transfermarkt.technology/portrait/medium/46021-1646598822.png?lm=1,Slavko Blagojevic,Defensive Midfield,"Mar 21, 1987",Croatia,"1,79",both,"Jan 24, 2020",RFS,"Jun 30, 2024",50k,NK Istra 1961
35,https://img.a.transfermarkt.technology/portrait/medium/default.jpg?lm=1,Antonio Mauric,Defensive Midfield,"Nov 4, 2003",Croatia,,,"Jul 1, 2022",NK Istra 1961 U19,"Jun 30, 2026",50k,NK Istra 1961
5,https://img.a.transfermarkt.technology/portrait/medium/829434-1646598800.png?lm=1,Facundo Cáseres,Central Midfield,"May 28, 2001",Argentina,"1,78",right,"Aug 21, 2021",CA Vélez Sarsfield II,"Jun 30, 2023",600k,NK Istra 1961
27,https://img.a.transfermarkt.technology/portrait/medium/615636-1646599032.png?lm=1,Abdallahi Mahmoud,Central Midfield,"May 4, 2000",Mauritania,"1,87",right,"Jan 19, 2023",Deportivo Alavés,"Jun 30, 2023",600k,NK Istra 1961
90,https://img.a.transfermarkt.technology/portrait/medium/625046-1669406300.png?lm=1,Unai Naveira,Central Midfield,"Apr 30, 2001",Spain,"1,83",right,"Jan 31, 2023",Bilbao Athletic,"Jun 30, 2023",50k,NK Istra 1961
10,https://img.a.transfermarkt.technology/portrait/medium/360516-1661845924.jpg?lm=1,Reda Boultam,Attacking Midfield,"Mar 3, 1998","Netherlands, Morocco","1,87",both,"Aug 31, 2022",US Salernitana 1919,"Jun 30, 2023",500k,NK Istra 1961
9,https://img.a.transfermarkt.technology/portrait/medium/default.jpg?lm=1,Matej Vuk,Left Winger,"Jun 10, 2000",Croatia,"1,83",right,"Jan 18, 2023",HNK Rijeka,"Jun 30, 2025",200k,NK Istra 1961
22,https://img.a.transfermarkt.technology/portrait/medium/460889-1613670526.png?lm=1,Lovre Knezevic,Left Winger,"Jul 22, 1998",Croatia,"1,86",left,"Jul 11, 2022",Etar Veliko Tarnovo,"Jun 30, 2023",150k,NK Istra 1961
17,https://img.a.transfermarkt.technology/portrait/medium/default.jpg?lm=1,Kristijan Kopljar,Left Winger,"Jul 7, 2001",Croatia,,,"Jul 6, 2022",NK Vrapce,"Jun 30, 2023",50k,NK Istra 1961
34,https://img.a.transfermarkt.technology/portrait/medium/665275-1646599347.png?lm=1,Mateo Lisica,Right Winger,"Jul 9, 2003",Croatia,"1,78",right,"Apr 24, 2020",NK Istra 1961 U17,"Jun 30, 2026",500k,NK Istra 1961
15,https://img.a.transfermarkt.technology/portrait/medium/618070-1647204369.jpg?lm=1,Darwin Matheus,Right Winger,"Apr 9, 2001",Venezuela,"1,70",left,"Jan 20, 2023",Atlanta United 2,"Jun 30, 2025",200k,NK Istra 1961
11,https://img.a.transfermarkt.technology/portrait/medium/854382-1684471973.jpg?lm=1,Monsef Bakrar,Centre-Forward,"Jan 13, 2001",Algeria,,,"Jul 26, 2022",ES Sétif,"Jun 30, 2025",400k,NK Istra 1961
18,https://img.a.transfermarkt.technology/portrait/medium/186473-1661619209.png?lm=1,Zoran Josipovic,Centre-Forward,"Aug 25, 1995",Switzerland,"1,91",left,"Jan 19, 2023",Dinamo Minsk,"Jun 30, 2025",300k,NK Istra 1961
50,https://img.a.transfermarkt.technology/portrait/medium/131303-1600971363.jpg?lm=1,Ante Erceg,Centre-Forward,"Dec 12, 1989",Croatia,"1,80",right,"Aug 4, 2022",Debreceni VSC,"Jun 30, 2023",250k,NK Istra 1961
95,https://img.a.transfermarkt.technology/portrait/medium/314616-1615921337.jpg?lm=1,Lovre Rogic,Goalkeeper,"Aug 27, 1995",Croatia,"1,90",right,"Jul 24, 2018",NK Primorac Biograd,"Jun 30, 2023",350k,HNK Sibenik
1,https://img.a.transfermarkt.technology/portrait/medium/default.jpg?lm=1,Antonio Djakovic,Goalkeeper,"Jun 12, 2001",Croatia,"1,90",,-,,"Jun 15, 2024",200k,HNK Sibenik
-,https://img.a.transfermarkt.technology/portrait/medium/346524-1615747709.png?lm=1,Luka Simunovic,Centre-Back,"May 24, 1997",Croatia,"1,85",right,"Mar 8, 2022",Shakhter Soligorsk,"Jun 30, 2024",600k,HNK Sibenik
4,https://img.a.transfermarkt.technology/portrait/medium/651388-1641716601.png?lm=1,Mislav Matic,Centre-Back,"Jan 6, 2000",Croatia,"1,95",right,"Jul 22, 2022",FK Minaj,"Jun 30, 2024",400k,HNK Sibenik
5,https://img.a.transfermarkt.technology/portrait/medium/223973-1669145965.png?lm=1,Stefan Peric,Centre-Back,"Feb 13, 1997",Austria,"1,87",right,"Jul 1, 2021",Wolfsberger AC,"Jun 15, 2025",400k,HNK Sibenik
33,https://img.a.transfermarkt.technology/portrait/medium/655338-1660578447.png?lm=1,Nikola Djoric,Centre-Back,"Mar 3, 2000",Serbia,"1,92",right,"Jan 23, 2023",SK Austria Klagenfurt,"Jun 30, 2023",250k,HNK Sibenik
2,https://img.a.transfermarkt.technology/portrait/medium/default.jpg?lm=1,Juan Camilo Mesa,Centre-Back,"Feb 23, 1998",Colombia,"1,84",right,"Jul 14, 2022",CD América de Cali,"Jun 15, 2023",200k,HNK Sibenik
25,https://img.a.transfermarkt.technology/portrait/medium/default.jpg?lm=1,Doni Grdic,Centre-Back,"Jan 22, 2002","Australia, Croatia","1,90",,"Jul 1, 2020",NK BSK Bijelo Brdo,"Jun 15, 2024",150k,HNK Sibenik
17,https://img.a.transfermarkt.technology/portrait/medium/572817-1677685298.jpg?lm=1,David Mina,Left-Back,"Apr 12, 1999",Colombia,"1,77",left,"Jan 28, 2021",Club Boca Juniors de Cali,"Jun 30, 2025",500k,HNK Sibenik
3,https://img.a.transfermarkt.technology/portrait/medium/101042-1444919716.jpg?lm=1,Josip Kvesic,Left-Back,"Sep 21, 1990","Bosnia-Herzegovina, Croatia","1,79",left,"Aug 18, 2020",NK Siroki Brijeg,"Jun 30, 2023",100k,HNK Sibenik
77,https://img.a.transfermarkt.technology/portrait/medium/193998-1601583616.jpg?lm=1,Dario Canadjija,Defensive Midfield,"Apr 17, 1994",Croatia,"1,76",right,"Jan 27, 2023",Aalesunds FK,"Jun 15, 2023",400k,HNK Sibenik
21,https://img.a.transfermarkt.technology/portrait/medium/445096-1588755972.jpg?lm=1,Iker Pozo,Defensive Midfield,"Aug 6, 2000",Spain,"1,76",,"Feb 7, 2023",Manchester City U21,"Jun 30, 2023",300k,HNK Sibenik
44,https://img.a.transfermarkt.technology/portrait/medium/357791-1580459104.jpg?lm=1,Marko Djira,Defensive Midfield,"May 5, 1999",Croatia,"1,71",left,"Feb 2, 2023",GNK Dinamo Zagreb,"Jun 15, 2023",300k,HNK Sibenik
6,https://img.a.transfermarkt.technology/portrait/medium/default.jpg?lm=1,Marko Soldo,Defensive Midfield,"Nov 22, 2003","Croatia, Bosnia-Herzegovina",,right,"Jan 18, 2023",GNK Dinamo Zagreb,"Jun 30, 2023",250k,HNK Sibenik
23,https://img.a.transfermarkt.technology/portrait/medium/49001-1662877810.jpg?lm=1,Ivan Krolo,Defensive Midfield,"Jan 23, 2003",Croatia,"1,89",,"Jan 18, 2023",HNK Hajduk Split,"May 31, 2023",150k,HNK Sibenik
8,https://img.a.transfermarkt.technology/portrait/medium/526565-1631128111.jpg?lm=1,Dino Skorup,Central Midfield,"Oct 4, 1999",Croatia,"1,87",left,"Jul 12, 2022",HNK Hajduk Split,"Jun 30, 2025",100k,HNK Sibenik
37,https://img.a.transfermarkt.technology/portrait/medium/default.jpg?lm=1,Haruki Arai,Left Midfield,"Apr 12, 1998",Japan,"1,68",right,"Jul 8, 2022",Tiamo Hirakata,"Jun 30, 2023",350k,HNK Sibenik
30,https://img.a.transfermarkt.technology/portrait/medium/38920-1611948321.jpg?lm=1,Josip Knezevic,Attacking Midfield,"Oct 3, 1988",Croatia,"1,86",left,"Jan 18, 2023",Without Club,"Jun 30, 2023",500k,HNK Sibenik
10,https://img.a.transfermarkt.technology/portrait/medium/default.jpg?lm=1,Ivica Vidovic,Attacking Midfield,"Feb 15, 2002",Croatia,,left,"Jul 1, 2022",GNK Dinamo Zagreb II,"Jun 30, 2027",300k,HNK Sibenik
24,https://img.a.transfermarkt.technology/portrait/medium/328119-1663607155.jpg?lm=1,Amer Hiros,Left Winger,"Jun 10, 1996",Bosnia-Herzegovina,"1,82",left,"Jan 25, 2023",NK Osijek,"Jun 30, 2023",500k,HNK Sibenik
11,https://img.a.transfermarkt.technology/portrait/medium/554565-1628963290.jpg?lm=1,Ivan Dolcek,Left Winger,"Apr 24, 2000",Croatia,"1,81",left,"Jul 11, 2022",HNK Hajduk Split,"Jun 30, 2023",300k,HNK Sibenik
34,https://img.a.transfermarkt.technology/portrait/medium/943464-1657118521.png?lm=1,Karlo Speljak,Left Winger,"Mar 14, 2003",Croatia,"1,76",right,"Jul 11, 2022",NK Lokomotiva Zagreb U19,"Jun 30, 2025",250k,HNK Sibenik
-,https://img.a.transfermarkt.technology/portrait/medium/246277-1447421674.jpg?lm=1,Burgui,Left Winger,"Oct 29, 1993",Spain,"1,86",right,"Feb 18, 2022",Without Club,"Jun 30, 2023",200k,HNK Sibenik
7,https://img.a.transfermarkt.technology/portrait/medium/425784-1626687512.jpg?lm=1,Leon Krekovic,Left Winger,"May 7, 2000",Croatia,"1,82",,"Jul 13, 2022",Beerschot V.A.,"Jun 30, 2025",150k,HNK Sibenik
88,https://img.a.transfermarkt.technology/portrait/medium/159839-1616165365.png?lm=1,Zoran Kvrzic,Right Winger,"Aug 7, 1988","Bosnia-Herzegovina, Croatia","1,80",right,"Feb 3, 2023",Slaven Belupo Koprivnica,"Jun 15, 2024",150k,HNK Sibenik
90,https://img.a.transfermarkt.technology/portrait/medium/46415-1616873828.jpg?lm=1,Duje Cop,Centre-Forward,"Feb 1, 1990",Croatia,"1,84",right,"Jul 8, 2022",GNK Dinamo Zagreb,"Jun 30, 2023",200k,HNK Sibenik
9,https://img.a.transfermarkt.technology/portrait/medium/67856-1569556789.png?lm=1,Dejan Radonjic,Centre-Forward,"Jul 23, 1990","Croatia, Germany","1,90",right,"Feb 2, 2023",Anorthosis Famagusta,"Jun 1, 2023",175k,HNK Sibenik
12,https://img.a.transfermarkt.technology/portrait/medium/default.jpg?lm=1,Antun Markovic,Goalkeeper,"Jul 4, 1992",Croatia,"1,94",right,"Jul 13, 2021",Rot-Weiß Erfurt,"Jun 15, 2023",250k,Slaven Belupo Koprivnica
25,https://img.a.transfermarkt.technology/portrait/medium/424187-1645189825.jpg?lm=1,Ivan Susak,Goalkeeper,"Oct 6, 1997",Croatia,"2,03",right,"Jul 14, 2021",NK Maribor,"Jun 15, 2023",200k,Slaven Belupo Koprivnica
32,https://img.a.transfermarkt.technology/portrait/medium/76254-1553468107.jpg?lm=1,Ivan Covic,Goalkeeper,"Sep 17, 1990",Croatia,"1,95",right,"Aug 12, 2020",HNK Gorica,"Jun 15, 2023",50k,Slaven Belupo Koprivnica
29,https://img.a.transfermarkt.technology/portrait/medium/default.jpg?lm=1,Giannis Christopoulos,Centre-Back,"Jun 22, 2000",Greece,"1,91",right,"Sep 1, 2022",Asteras Tripolis,"Jun 30, 2023",600k,Slaven Belupo Koprivnica
24,https://img.a.transfermarkt.technology/portrait/medium/default.jpg?lm=1,Novak Tepsic,Centre-Back,"Mar 16, 2002",Croatia,"1,85",right,"Feb 9, 2022",NK Rudes,"Dec 31, 2025",350k,Slaven Belupo Koprivnica
22,https://img.a.transfermarkt.technology/portrait/medium/316936-1616227070.jpeg?lm=1,Vinko Soldo,Centre-Back,"Feb 15, 1998",Croatia,"1,82",left,"Jul 13, 2021",GNK Dinamo Zagreb,"Jun 15, 2023",300k,Slaven Belupo Koprivnica
55,https://img.a.transfermarkt.technology/portrait/medium/669166-1660548741.jpg?lm=1,Marco Boras,Centre-Back,"Sep 28, 2001","Croatia, Germany","1,99",right,"Aug 31, 2022",TSG 1899 Hoffenheim II,"Jun 15, 2025",150k,Slaven Belupo Koprivnica
6,https://img.a.transfermarkt.technology/portrait/medium/34577-1550670454.png?lm=1,Tomislav Bozic,Centre-Back,"Nov 1, 1987",Croatia,"1,86",right,"Jul 19, 2019",Miedz Legnica,"Jun 15, 2023",100k,Slaven Belupo Koprivnica
20,https://img.a.transfermarkt.technology/portrait/medium/502130-1509718666.jpg?lm=1,Filip Hlevnjak,Centre-Back,"Aug 5, 2000",Croatia,"1,86",right,"Jul 1, 2019",Slaven Belupo Koprivnica U19,"Jun 15, 2023",100k,Slaven Belupo Koprivnica
13,https://img.a.transfermarkt.technology/portrait/medium/default.jpg?lm=1,Gabriel Eskinja,Centre-Back,"Aug 29, 2003",Austria,"1,91",right,"Jul 1, 2022",Slaven Belupo Koprivnica U19,"Dec 31, 2025",50k,Slaven Belupo Koprivnica
30,https://img.a.transfermarkt.technology/portrait/medium/562671-1600971308.jpg?lm=1,Talys,Left-Back,"Feb 10, 1999",Brazil,"1,81",left,"Jul 20, 2022",NK Osijek,"Jun 30, 2024",500k,Slaven Belupo Koprivnica
3,https://img.a.transfermarkt.technology/portrait/medium/356241-1431010122.jpg?lm=1,Marko Martinaga,Left-Back,"May 27, 1998",Croatia,"1,79",left,"Jul 8, 2022",Akademija Pandev,"Jun 15, 2024",250k,Slaven Belupo Koprivnica
33,https://img.a.transfermarkt.technology/portrait/medium/450290-1585117565.png?lm=1,Antonio Bosec,Right-Back,"Aug 28, 1997",Croatia,"1,78",right,"Jan 27, 2021",NK Inter Zapresic,"Jun 15, 2023",500k,Slaven Belupo Koprivnica
23,https://img.a.transfermarkt.technology/portrait/medium/245061-1584504242.png?lm=1,Benedik Mioc,Defensive Midfield,"Oct 6, 1994",Croatia,"1,73",right,"Sep 27, 2022",FC Saburtalo,"Jun 15, 2024",300k,Slaven Belupo Koprivnica
4,https://img.a.transfermarkt.technology/portrait/medium/206939-1585152010.png?lm=1,Mario Marina,Defensive Midfield,"Aug 3, 1989","Croatia, Bosnia-Herzegovina","1,84",right,"Jul 1, 2021",Sabah FK,"Jun 15, 2023",250k,Slaven Belupo Koprivnica
5,https://img.a.transfermarkt.technology/portrait/medium/656172-1662310109.jpg?lm=1,Jakov Basic,Defensive Midfield,"Nov 25, 1996",Croatia,"1,90",left,"Jul 1, 2022",NK Rudes,"May 31, 2024",200k,Slaven Belupo Koprivnica
17,https://img.a.transfermarkt.technology/portrait/medium/319126-1670960598.jpg?lm=1,Mateo Kocijan,Defensive Midfield,"Mar 27, 1995",Croatia,"1,88",right,"Jul 1, 2021",NK Tehnicar 1974 Cvetkovec,"Jun 15, 2024",200k,Slaven Belupo Koprivnica
21,https://img.a.transfermarkt.technology/portrait/medium/335062-1532678582.jpg?lm=1,Nikola Jambor,Defensive Midfield,"Sep 25, 1995",Croatia,"1,88",left,"Jul 29, 2022",Moreirense FC,"Jun 15, 2023",200k,Slaven Belupo Koprivnica
10,https://img.a.transfermarkt.technology/portrait/medium/default.jpg?lm=1,Robert Mudrazija,Central Midfield,"May 5, 1997",Croatia,"1,77",right,"Sep 8, 2022",Without Club,"Jun 15, 2024",400k,Slaven Belupo Koprivnica
2,https://img.a.transfermarkt.technology/portrait/medium/default.jpg?lm=1,Nikola Turanjanin,Attacking Midfield,"Apr 12, 2001",Bosnia-Herzegovina,"1,87",right,"Jan 19, 2021",NK Dubrava Tim kabel,"Jun 15, 2023",250k,Slaven Belupo Koprivnica
19,https://img.a.transfermarkt.technology/portrait/medium/945671-1638644480.jpg?lm=1,Josip Mihalic,Attacking Midfield,"Apr 4, 2003",Croatia,"1,78",left,"Jul 1, 2022",GNK Dinamo Zagreb U19,"Jun 15, 2024",50k,Slaven Belupo Koprivnica
9,https://img.a.transfermarkt.technology/portrait/medium/458367-1668085924.jpg?lm=1,Arbër Hoxha,Left Winger,"Oct 6, 1998",Kosovo,"1,85",right,"Feb 9, 2022",NK Lokomotiva Zagreb,"Jun 15, 2026",800k,Slaven Belupo Koprivnica
7,https://img.a.transfermarkt.technology/portrait/medium/149228-1592155922.jpg?lm=1,Antonio Perosevic,Left Winger,"Mar 6, 1992",Croatia,"1,80",left,"Jan 20, 2023",Without Club,"Jun 15, 2023",200k,Slaven Belupo Koprivnica
11,https://img.a.transfermarkt.technology/portrait/medium/580635-1618727389.png?lm=1,Ante Crnac,Right Winger,"Dec 17, 2003",Croatia,"1,89",left,"Jan 24, 2022",GNK Dinamo Zagreb II,"Dec 31, 2025",750k,Slaven Belupo Koprivnica
45,https://img.a.transfermarkt.technology/portrait/medium/354711-1603579071.jpg?lm=1,Arb Manaj,Centre-Forward,"Jul 23, 1998","Kosovo, Albania","1,88",right,"Jul 29, 2022",Ankara Keciörengücü,"May 31, 2024",300k,Slaven Belupo Koprivnica
8,https://img.a.transfermarkt.technology/portrait/medium/318767-1506595803.jpg?lm=1,Marko Zuljevic,Centre-Forward,"Sep 16, 1997",Croatia,"1,79",right,"Jul 12, 2022",NK Marsonia 1909,"Jun 15, 2023",150k,Slaven Belupo Koprivnica
99,https://img.a.transfermarkt.technology/portrait/medium/47171-1460744972.jpg?lm=1,Ivan Krstanovic,Centre-Forward,"Jan 5, 1983","Bosnia-Herzegovina, Croatia","1,96",right,"Jan 25, 2019",NK Lokomotiva Zagreb,"Jun 15, 2023",50k,Slaven Belupo Koprivnica
